﻿Type,Date,Title,Root cause,Lost,POC,fixed?
Miscalculation,20230601,Cellframenet,Miscalculation during liquidity migration,$76k,https://github.com/SunWeb3Sec/DeFiHackLabs/blob/main/src/test/Cellframe_exp.sol,
Price Manipulation,20230531,ERC20TokenBank,Price manipulation,$111k,https://github.com/SunWeb3Sec/DeFiHackLabs/blob/main/src/test/ERC20TokenBank_exp.sol,
Price Manipulation,20230529,Jimbo,Protocol Specific Price Manipulation,$8M,https://github.com/SunWeb3Sec/DeFiHackLabs/blob/main/src/test/Jimbo_exp.sol,
Slippage,20230529,BabyDogeCoin,Lack Slippage Protection,$135k,https://github.com/SunWeb3Sec/DeFiHackLabs/blob/main/src/test/BabyDogeCoin_exp.sol,
Business Logic Flaw,20230529,FAPEN,Function abused to get rewards,$600,https://github.com/SunWeb3Sec/DeFiHackLabs/blob/main/src/test/FAPEN_exp.sol,
Access Control,20230529,NOON (NO),Public _transfer(),$2K,https://github.com/SunWeb3Sec/DeFiHackLabs/blob/main/src/test/NOON_exp.sol,
"Incorrect logic, skim",20230525,GPT Token,Fee Mechanism Exploitation,$42k,https://github.com/SunWeb3Sec/DeFiHackLabs/blob/main/src/test/GPT_exp.sol,
Access Control,20230524,Local Trade LCT,Improper Access Control of Close-source contract,384 BNB,https://github.com/SunWeb3Sec/DeFiHackLabs/blob/main/src/test/LocalTrader2_exp.sol,
Miscalculation,20230524,CS Token,Outdated global variable sellAmount for calculating burnAmount,714K USD,https://github.com/SunWeb3Sec/DeFiHackLabs/blob/main/src/test/CS_exp.sol,
Business Logic Flaw,20230523,LFI Token,Lack of time lock protect,36K USD,https://github.com/SunWeb3Sec/DeFiHackLabs/blob/main/src/test/LFI_exp.sol,
Lack of permission control,20230514,landNFT,Lack of permission control,"149,616 $BUSD",https://github.com/SunWeb3Sec/DeFiHackLabs/blob/main/src/test/landNFT_exp.sol,
Unchecked User Input,20230514,SellToken03,Not properly validate the input parameters,unclear,https://github.com/SunWeb3Sec/DeFiHackLabs/blob/main/src/test/SELLC02_exp.sol,
Business Logic Flaw,20230513,Bitpaidio,Did not properly update the lock times,$30K,https://github.com/SunWeb3Sec/DeFiHackLabs/blob/main/src/test/Bitpaidio_exp.sol,
Price Manipulation,20230513,SellToken02,Incorrect use AMM getReserves to get price,$197k,https://github.com/SunWeb3Sec/DeFiHackLabs/blob/main/src/test/SellToken_exp.sol,
Sandwich,20230512,LW,FlashLoan Price Manipulation,$50k,https://github.com/SunWeb3Sec/DeFiHackLabs/blob/main/src/test/LW_exp.sol,
Access Control,20230511,SellToken01,"Public addLiquidity() ",$95k,https://github.com/SunWeb3Sec/DeFiHackLabs/blob/main/src/test/SELLC_exp.sol,
"Flashloans, Reward",20230510,SNK,Use spot staked balances of child to calculate rewards,$197k,https://github.com/SunWeb3Sec/DeFiHackLabs/blob/main/src/test/SNK_exp.sol,
Access Control,20230506,Melo,Public mint(),$90k,https://github.com/SunWeb3Sec/DeFiHackLabs/blob/main/src/test/Melo_exp.sol,
Incorrect logic,20230505,DEI,Fetch allowance of msg.sender for account instead of reverse,$5.4M,https://github.com/SunWeb3Sec/DeFiHackLabs/blob/main/src/test/DEI_exp.sol,
Sandwich,20230503,NeverFall,No slippage protection when interacting with AMM Pair,$74K,https://github.com/SunWeb3Sec/DeFiHackLabs/blob/main/src/test/NeverFall_exp.sol,
Incorrect logic,20230502,Level,Use assign (=) instead of accumulate (+=),$1M,https://github.com/SunWeb3Sec/DeFiHackLabs/blob/main/src/test/Level_exp.sol,
"Donate, Oracle",20230428,0vix,Use spot balanceOf to calculate exchangeRate,$2M,https://github.com/SunWeb3Sec/DeFiHackLabs/blob/main/src/test/0vix_exp.sol,
"Donate, Math, Under/Overflow",20230427,Silo finance,Utilization rate is not bounded,-,https://github.com/SunWeb3Sec/DeFiHackLabs/blob/main/src/test/silo_finance.t.sol,
Arbitrage,20230424,Axioma,Presale is cheaper than PancakeSwap,21 WBNB,https://github.com/SunWeb3Sec/DeFiHackLabs/blob/main/src/test/Axioma_exp.sol,
Deflationary token,20230419,OLIFE,deliver() decreases supply,32 WBNB,https://github.com/SunWeb3Sec/DeFiHackLabs/blob/main/src/test/OLIFE_exp.sol,
Math,20230416,Swapos V2,Incorrect K check,$468k,https://github.com/SunWeb3Sec/DeFiHackLabs/blob/main/src/test/Swapos_exp.sol,
"Donate, Math, Under/Overflow",20230415,HundredFinance,cToken.redeem() is rounded down,$7M,https://github.com/SunWeb3Sec/DeFiHackLabs/blob/main/src/test/HundredFinance_2_exp.sol,
Misconfiguration,20230413,yearnFinance,Set bZxUSDC address instead of bZxUSDT,$11.6M,https://github.com/SunWeb3Sec/DeFiHackLabs/blob/main/src/test/YearnFinance_exp.sol,
Access Control,20230412,MetaPoint,Public approve(),$820k,https://github.com/SunWeb3Sec/DeFiHackLabs/blob/main/src/test/MetaPoint_exp.sol,
Reentrancy,20230411,Paribus,doTransferOut() before updating variables,$100k,https://github.com/SunWeb3Sec/DeFiHackLabs/blob/main/src/test/Paribus_exp.sol,
"Access Control, Dex/AMM, Insufficient validation",20230409,SushiSwap,Sushi RouteProcessor2 does not check user input route carefully,$3.3M,https://github.com/SunWeb3Sec/DeFiHackLabs/blob/main/src/test/Sushi_Router_exp.sol,
Reentrancy,20230405,Sentiment,Read-only reentrancy of Balancer,$1M,https://github.com/SunWeb3Sec/DeFiHackLabs/blob/main/src/test/Sentiment_exp.sol,
"Business Logic Flaw, Flashloans, Price Manipulation",20230402,Allbridge,Logic flaw in the withdraw function,$550k,https://github.com/SunWeb3Sec/DeFiHackLabs/blob/main/src/test/Allbridge_exp.sol,
Access Control,20230328,SafeMoon,Public burn(),$8.9M,https://github.com/SunWeb3Sec/DeFiHackLabs/blob/main/src/test/safeMoon_exp.sol,
"Business Logic Flaw, Flashloans, Insufficient validation, Misconfiguration",20230325,DBW,getStaticIncome(),$24k,https://github.com/SunWeb3Sec/DeFiHackLabs/blob/main/src/test/DBW_exp.sol,
"Access Control, Flashloans",20230322,BIGFI,Public burn(),$30k,https://github.com/SunWeb3Sec/DeFiHackLabs/blob/main/src/test/BIGFI_exp.sol,
"Access Control, Business Logic Flaw",20230317,ParaSpace NFT,"depositApeCoin() ","2,909 ETH",https://github.com/SunWeb3Sec/DeFiHackLabs/blob/main/src/test/Paraspace_exp_2.sol,
Under/Overflow,20230315,Poolz,"CreateMassPools ",$390K,https://github.com/SunWeb3Sec/DeFiHackLabs/blob/main/src/test/poolz_exp.sol,
"Business Logic Flaw, Flashloans",20230313,EulerFinance,donateToReserves()   logical error,$200M(returned),https://github.com/SunWeb3Sec/DeFiHackLabs/blob/main/src/test/Euler_exp.sol,
"Flashloans, Price Manipulation",20230308,DKP,Incorrect get price oracle replies on the balance,$80K,https://github.com/SunWeb3Sec/DeFiHackLabs/blob/main/src/test/DKP_exp.sol,
"Access Control, Flashloans",20230307,Phoenix," delegateCallSwap() function lack of access control ",$100k,https://github.com/SunWeb3Sec/DeFiHackLabs/blob/main/src/test/Phoenix_exp.sol,
"Access Control, Price Manipulation",20230227,LaunchZone,"Swapx implementation leak of  approval ","$320,000",https://github.com/SunWeb3Sec/DeFiHackLabs/blob/main/src/test/LaunchZone_exp.sol,
"Access Control, Price Manipulation",20230227,swapX,"Swapx implementation leak of  approval ",$1M,https://github.com/SunWeb3Sec/DeFiHackLabs/blob/main/src/test/SwapX_exp.sol,
"Miscalculation, Storage collision, Upgradable",20230224,EFVault,Storage Collision During Upgrade,$5.1M,https://github.com/SunWeb3Sec/DeFiHackLabs/blob/main/src/test/EFVault_exp.sol,
"Flashloans, Miscalculation, staking",20230222,DYNA,Incorrect Accounting of deposit time,$21k,https://github.com/SunWeb3Sec/DeFiHackLabs/blob/main/src/test/DYNA_exp.sol,
"Arbitrary call, Dex/AMM, Insufficient validation",20230218,RevertFinance,Arbitrary External Call Vulnerability,$30k,https://github.com/SunWeb3Sec/DeFiHackLabs/blob/main/src/test/RevertFinance_exp.sol,
"Flashloans, Misconfiguration, skim",20230217,Starlink,"Misconfiguration in ""transfer"" function",$12k,https://github.com/SunWeb3Sec/DeFiHackLabs/blob/main/src/test/Starlink_exp.sol,
"Arbitrary call, Dex/AMM",20230217,Dexible,Arbitrary External Call Vulnerability,$1.5M,https://github.com/SunWeb3Sec/DeFiHackLabs/blob/main/src/test/Dexible_exp.sol,
"Incorrect logic, Miscalculation, lending",20230217,Platypusdefi,Flawed emergencyWithdraw function,$8.5M,https://github.com/SunWeb3Sec/DeFiHackLabs/blob/main/src/test/Platypus_exp.sol,
"Deflationary token, Miscalculation",20230210,Sheep Token,Price Manipulation of deflationary tokens via flashloan,$3K,https://github.com/SunWeb3Sec/DeFiHackLabs/blob/main/src/test/Sheep_exp.sol,
"Price Manipulation, Reentrancy",20230210,dForce,Read-Only-Reentrancy,$3.65M,https://github.com/SunWeb3Sec/DeFiHackLabs/blob/main/src/test/dForce_exp.sol,
"Arbitrary call, Insufficient validation",20230207,CowSwap,Arbitrary External Call Vulnerability,$120k,https://github.com/SunWeb3Sec/DeFiHackLabs/blob/main/src/test/CowSwap_exp.sol,
"Deflationary token, Flashloans, Miscalculation",20230207,FDP Token,Price Manipulation of deflationary tokens via flashloan,16 WBNB,https://github.com/SunWeb3Sec/DeFiHackLabs/blob/main/src/test/FDP_exp.t.sol,
Reentrancy,20230203,Orion Protocol,Reentrancy in the doSwapThroughOrionPool function,$3M,https://github.com/SunWeb3Sec/DeFiHackLabs/blob/main/src/test/Orion_exp.sol,
"Incorrect logic, Math",20230203,Spherax USDs,Flawed internal accounting systems,$309k,https://github.com/SunWeb3Sec/DeFiHackLabs/blob/main/src/test/USDs_exp.sol,
"Insufficient validation, Oracle",20230202,BonqDAO,Incorrect Oracle Implementation,$88M,https://github.com/SunWeb3Sec/DeFiHackLabs/blob/main/src/test/BonqDAO_exp.sol,
"Flashloans, skim",20230126,TomInu Token,reflective token skim abuse,22 ETH,https://github.com/SunWeb3Sec/DeFiHackLabs/blob/main/src/test/TINU_exp.t.sol,
"Rug-Pull(Protocol Side), Token-Transfer",20230119,ThoreumFinance,Rug Pull,2000 BNB,https://github.com/SunWeb3Sec/DeFiHackLabs/blob/main/src/test/ThoreumFinance_exp.sol,
"Deflationary token, ERC20, Token-Transfer",20230118,QTN,deliver() decreases supply,2 ETH,https://github.com/SunWeb3Sec/DeFiHackLabs/blob/main/src/test/QTN_exp.sol,
"Incorrect logic, Sandwich",20230118,UPS,burn token in function _transfer(),22 ETH,https://github.com/SunWeb3Sec/DeFiHackLabs/blob/main/src/test/Upswing_exp.sol,
"Insufficient validation, staking",20230117,OmniEstate,insufficient check of the arguments,$70k,https://github.com/SunWeb3Sec/DeFiHackLabs/blob/main/src/test/OmniEstate_exp.sol,
"Oracle, Reentrancy, lending",20230116,MidasCapital,Read-Only-Reentrancy,$650k,https://github.com/SunWeb3Sec/DeFiHackLabs/blob/main/src/test/Midas_exp.sol,
Misconfiguration,20230112,UFDao,Misconfiguration,$90k,https://github.com/SunWeb3Sec/DeFiHackLabs/blob/main/src/test/UFDao_exp.sol,
"Oracle, lending",20230112,RoeFinance,Manipulation of the price oracle.,$80k,https://github.com/SunWeb3Sec/DeFiHackLabs/blob/main/src/test/RoeFinance_exp.sol,
"ERC20, skim",20230110,BRA,doubles reward the tax fee to the pancake pair,$224K,https://github.com/SunWeb3Sec/DeFiHackLabs/blob/main/src/test/BRA.exp.sol,
"Flashloans, staking",20230103,GDS,abused the LP Mining mechanism by Flashloan,$180k,https://github.com/SunWeb3Sec/DeFiHackLabs/blob/main/src/test/GDS_exp.sol,
"Flashloans, Insufficient validation, skim",20221230,DFS,flawed price calculation of a deflation token,$1450,https://github.com/SunWeb3Sec/DeFiHackLabs/blob/main/src/test/DFS_exp.sol,
"Insufficient validation, Reentrancy",20221229,JAY,Reenter by pass fake token,15.32 ETH,https://github.com/SunWeb3Sec/DeFiHackLabs/blob/main/src/test/JAY_exp.sol,
"Arbitrary call, Dex/AMM",20221225,Rubic,Arbitrary External Call,$1.5M,https://github.com/SunWeb3Sec/DeFiHackLabs/blob/main/src/test/Rubic_exp.sol,
"Dex/AMM, Reentrancy",20221223,Defrost,Reentrancy,$170k,https://github.com/SunWeb3Sec/DeFiHackLabs/blob/main/src/test/Defrost_exp.sol,
"Flashloans, Price Manipulation, claimTokens",20221214,Nmbplatform,Staking reward is based on spot price,$76k,https://github.com/SunWeb3Sec/DeFiHackLabs/blob/main/src/test/Nmbplatform_exp.sol,
Incorrect logic,20221213,ElasticSwap,removeLiquidity() doesn’t sync the reserves,$845k,https://github.com/SunWeb3Sec/DeFiHackLabs/blob/main/src/test/ElasticSwap_exp.sol,
"Deflationary token, Flashloans, Price Manipulation",20221212,BGLD,Deflationary token abuse via skim,$18k,https://github.com/SunWeb3Sec/DeFiHackLabs/blob/main/src/test/BGLD_exp.sol,
"Flashloans, Incorrect logic, Price Manipulation",20221211,Lodestar,FlashLoan price manipulation - Incorrect logic in GLPOracle,$4M,https://github.com/SunWeb3Sec/DeFiHackLabs/blob/main/src/test/Lodestar_exp.sol,
"Flashloans, Price Manipulation",20221210,MU&MUG,FlashLoan price manipulation,$57k,https://github.com/SunWeb3Sec/DeFiHackLabs/blob/main/src/test/MUMUG_exp.sol,
"Flashloans, Price Manipulation",20221210,TIFIToken,FlashLoan price manipulation,87 WBNB,https://github.com/SunWeb3Sec/DeFiHackLabs/blob/main/src/test/TIFI_exp.sol,
Rug-Pull(Protocol Side),20221209,NOVAToken,Malicious Unlimted Minting (Rugged),330 BNB,https://github.com/SunWeb3Sec/DeFiHackLabs/blob/main/src/test/NovaExchange_exp.sol,
"Deflationary token, Flashloans, Incorrect logic",20221207,AES,Deflationary token abuse via skim,$60k,https://github.com/SunWeb3Sec/DeFiHackLabs/blob/main/src/test/AES_exp.sol,
Bad randomness,20221205,RFB,Predicting Random Numbers (RFB) - Bad randomness,12 BNB,https://github.com/SunWeb3Sec/DeFiHackLabs/blob/main/src/test/RFB_exp.sol,
"Flashloans, Price Manipulation",20221205,BBOX,FlashLoan price manipulation - _transfer() will burn the BBOX token incorrectly.,$12k,https://github.com/SunWeb3Sec/DeFiHackLabs/blob/main/src/test/BBOX_exp.sol,
Flashloans,20221202,OverNight,Flashloan attacks - force investment,$170k,https://github.com/SunWeb3Sec/DeFiHackLabs/blob/main/src/test/Overnight_exp.sol,
"Flashloans, Price Manipulation",20221201,APC,Incorrect price calculation via getReverse,$6k,https://github.com/SunWeb3Sec/DeFiHackLabs/blob/main/src/test/APC_exp.sol,
"Access Control, Incorrect logic",20221129,MBC,Business Logic Flaw & Access Control,$5.6k,https://github.com/SunWeb3Sec/DeFiHackLabs/blob/main/src/test/MBC_exp.sol,
Incorrect logic,20221129,SEAMAN,Business Logic Flaw,$7k,https://github.com/SunWeb3Sec/DeFiHackLabs/blob/main/src/test/SEAMAN_exp.sol,
"CrossChain, ERC20, Token Incompatible",20221123,NUM,NUM token incompatible with the Multichain Router.,$13k,https://github.com/SunWeb3Sec/DeFiHackLabs/blob/main/src/test/NUM_exp.sol,
Access Control,20221122,AurumNodePool (AUR),Incorrect access control -  changeRewardPerNode(),$13k,https://github.com/SunWeb3Sec/DeFiHackLabs/blob/main/src/test/AUR_exp.sol,
"Business Logic Flaw, Flashloans",20221121,SDAO,Business Logic Flaw,$13k,https://github.com/SunWeb3Sec/DeFiHackLabs/blob/main/src/test/SDAO_exp.sol,
Insufficient validation,20221119,AnnexFinance,Insufficient Validation,$3k,https://github.com/SunWeb3Sec/DeFiHackLabs/blob/main/src/test/Annex_exp.sol,
"Business Logic Flaw, Flashloans",20221117,UEarnPool,Business logic flaw on reward distribution,$24k,https://github.com/SunWeb3Sec/DeFiHackLabs/blob/main/src/test/UEarnPool_exp.sol,
Incorrect logic,20221116,SheepFarm,Incorrect logic when register the new user,1BNB,https://github.com/SunWeb3Sec/DeFiHackLabs/blob/main/src/test/SheepFram_exp.sol,
"Flashloans, Incorrect logic",20221110,DFXFinance,Logic issue with flashloan repayment judgment,$4M,https://github.com/SunWeb3Sec/DeFiHackLabs/blob/main/src/test/DFX_exp.sol,
Insufficient validation,20221109,BrahTOPG,Insufficient Validation on zapIn,$89k,https://github.com/SunWeb3Sec/DeFiHackLabs/blob/main/src/test/BrahTOPG_exp.sol,
"Access Control, call/delegatecall",20221108,MEV_0ad8,Unlimited external call,$282k,https://github.com/SunWeb3Sec/DeFiHackLabs/blob/main/src/test/MEV_0ad8.t.sol,
Incorrect logic,20221108,Kashi,Incorrect logic on exchangeRate usage,$110k,https://github.com/SunWeb3Sec/DeFiHackLabs/blob/main/src/test/Kashi_exp.sol,
Flashloans,20221107,MooCAKECTX,Flashloan attack - reward mechanism,$140k,https://github.com/SunWeb3Sec/DeFiHackLabs/blob/main/src/test/MooCAKECTX_exp.sol,
Price Manipulation,20221105,BDEX,Price manipulation attack,16WBNB,https://github.com/SunWeb3Sec/DeFiHackLabs/blob/main/src/test/BDEX_exp.sol,
"Business Logic Flaw, Flashloans",20221027,VTF Token,Business Logic Flaw on Reward,$50k,https://github.com/SunWeb3Sec/DeFiHackLabs/blob/main/src/test/VTF_exp.sol,
Insufficient validation,20221027,Team Finance,Insufficient Validation on MigrateParams,$15.8M,https://github.com/SunWeb3Sec/DeFiHackLabs/blob/main/src/test/TeamFinance.exp.sol,
"Flashloans, Reentrancy",20221026,N00d Token,Reentrancy with ERC777,$29k,https://github.com/SunWeb3Sec/DeFiHackLabs/blob/main/src/test/N00d_exp.sol,
"Flashloans, Price Manipulation",20221026,ULME,Price Manipulation with Pre-Approval BUSD,$200k,https://github.com/SunWeb3Sec/DeFiHackLabs/blob/main/src/test/ULME.sol,
"Flashloans, Reentrancy",20221024,Market,Read-only Reentrancy with Curve Oracle,$220k,https://github.com/SunWeb3Sec/DeFiHackLabs/tree/main/past/2022#20221024-market---read-only-reentrancy,
"Miscalculation, Yield",20210915,Nimbus Platform,Incorrect calculation -  - 10000 vs 1000,1.45 ETH,https://github.com/SunWeb3Sec/DeFiHackLabs#20210915-nimbus-platform,
"Dex/AMM, Flashloans, Insufficient validation, Reentrancy",20220313,Paraluni,Reentrancy & insufficient validation,$1.7 M,https://github.com/SunWeb3Sec/DeFiHackLabs#20220313-paraluni---flashloan--reentrancy,
"ERC20, Flashloans, Insufficient validation, Reward",20220809,ANCH,"Insufficient validation, get rewards over skim()",,https://github.com/SunWeb3Sec/DeFiHackLabs#20220809-anch---skim-token-balance,
"Access Control, ERC20",20221018,HPAY,Incorrect access control,115 BNB,https://github.com/SunWeb3Sec/DeFiHackLabs#20221018-hpay---access-control,fixed
"Oracle, Under/Overflow, staking",20220320,Umbrella Network,Arithmetic Overflow,,https://github.com/SunWeb3Sec/DeFiHackLabs#20220320-umbrella-network---underflow,
"ERC667, Reentrancy, lending",20220313,Hundred Finance,Reentrancy,$1.7 M,https://github.com/SunWeb3Sec/DeFiHackLabs#20220313-hundred-finance---erc667-reentrancy,
"Access Control, ERC721",20210607,88mph,Incorrect access control,,https://github.com/SunWeb3Sec/DeFiHackLabs#20210607-88mph-nft---access-control,fixed
"ERC777, Reentrancy, lending",20220305,Bacon Protocol,Reentrancy via ERC777 hook,$1 M,https://github.com/SunWeb3Sec/DeFiHackLabs#20220305-bacon-protocol---reentrancy,fixed
"Bridge, CrossChain, Insufficient validation",20220118,Multichain (Anyswap),Insufficient validation,$1.4 million,https://github.com/SunWeb3Sec/DeFiHackLabs#20220118-multichain-anyswap---insufficient-token-validation,
"Arbitrary call, Yield",20221010,Carrot,Incorrect access control,,https://github.com/SunWeb3Sec/DeFiHackLabs#20221010-carrot---public-functioncall,
"Flashloans, Insufficient validation, MEV",20221014,MEVBOTa47b,Insufficient validation,$241 k,https://github.com/SunWeb3Sec/DeFiHackLabs#20221014-mevbota47b---mevbot-a47b,
"Bridge, CrossChain, Insufficient validation",20210811,Poly Network,Insufficient validation,$611 M,https://github.com/SunWeb3Sec/DeFiHackLabs#20210811-poly-network---bridge-getting-around-modifier-through-cross-chain-message,fixed
"Dex/AMM, Miscalculation",20210915,NowSwap,Incorrect calculation - 10000 vs 1000,$1 M,https://github.com/SunWeb3Sec/DeFiHackLabs#20210915-nowswap-platform,
"Access Control, ERC20",20220608,GYMNetwork,Incorrect access control,$2M,https://github.com/SunWeb3Sec/DeFiHackLabs#20220608-gymnetwork---access-control,fixed
"Flashloans, Yield",20220321,OneRing Finance,Incorrect price calculation via reverse,$1.45 M,https://github.com/SunWeb3Sec/DeFiHackLabs#20220321-onering-finance---flashloan--price-oracle-manipulation,
"Arbitrary call, Yield",20220326,Auctus,Arbitrary call via write(),$726 K,https://github.com/SunWeb3Sec/DeFiHackLabs#20220326-auctus,
"Flashloans, lending",20220616,InverseFinance,Incorrect price calculation via balanceOf,$1.26M,https://github.com/SunWeb3Sec/DeFiHackLabs#20220616-inversefinance---flashloan--price-oracle-manipulation,
"Economic, Flashloans, Yield",20201026,Harvest Finance,Economic issue,$33.8 M,https://github.com/SunWeb3Sec/DeFiHackLabs#20201026-harvest-finance---flashloan-attack,
"Access Control, ERC20, Flashloans",20220713,SpaceGodzilla,Incorrect access control,"$26,000",https://github.com/SunWeb3Sec/DeFiHackLabs#20220713-spacegodzilla---flashloans--price-manipulation,
"Arbitrary call, MEV",20220928,MEVBOT - Badc0de,Arbitrary call via callFunction,"$94,304",https://github.com/SunWeb3Sec/DeFiHackLabs#20220928-MEVBOT---Badc0de,
"Access Control, DAO",20210903,DAO Maker,Incorrect access control,$4 M,https://github.com/SunWeb3Sec/DeFiHackLabs#20210903-dao-maker---bad-access-controal,
"Insufficient validation, lending",20220322,Compound,Insufficient validation,,https://github.com/SunWeb3Sec/DeFiHackLabs#20220322-compoundtusdsweeptokenbypass,
"Deflationary token, Flashloans",20220928,Ragnarok Online Invasion,Incorrect access control,"$44,000",https://github.com/SunWeb3Sec/DeFiHackLabs#20220908-ragnarok-online-invasion---broken-access-control,
"Insufficient validation, NFT",20220902,Bad Guys by RPF,"Missing check for ""chosenAmount"" in the WhiteListMint function",400 NFTs,https://github.com/SunWeb3Sec/DeFiHackLabs#20220902-bad-guys-by-rpf---business-logic-flaw--missing-check-for-number-of-nft-to-mint,
"Dex/AMM, Insufficient validation",20221001,BabySwap,Insufficient validation,,https://github.com/SunWeb3Sec/DeFiHackLabs#20221001-babyswap---parameter-access-control,
"ERC721, Insufficient validation",20220626,XCarnival,Insufficient validation,$3.87M,https://github.com/SunWeb3Sec/DeFiHackLabs#20220626-xcarnival---infinite-number-of-loans,
"Access Control, Dex/AMM",20210308,DODO,Incorrect access control,"$700,000",https://github.com/SunWeb3Sec/DeFiHackLabs#20210308-dodo---flashloan-attack,
"ERC20, Flashloans, Reward",20220909,YYDS,Incorrect price calculation via balanceOf,"$742,286",https://github.com/SunWeb3Sec/DeFiHackLabs#20220909-YYDS---pair-manipulate,
"Incorrect logic, Yield",20210622,Eleven Finance,Incorrect logic flow,$4.5 M,https://github.com/SunWeb3Sec/DeFiHackLabs#20210622-eleven-finance---doesnt-burn-shares,
,,,,,,
"ERC20, Flashloans",20220923,RADT-DAO,Front running,"$94,304",https://github.com/SunWeb3Sec/DeFiHackLabs#20220923-RADT-DAO---pair-manipulate,
"Bad randomness, NFT",20220824,"LuckeyTiger ",Bad randomness,,https://github.com/SunWeb3Sec/DeFiHackLabs#20220824-luckeytiger-nft---predicting-random-numbers,
"ERC20, Flashloans",20221001,RL Token,Incorrect Reward calculation,,https://github.com/SunWeb3Sec/DeFiHackLabs#20221001-RL-Token---Incorrect-Reward-calculation,unfixed
"MaliciosProposal, lending",20220508,Fortress Loans,Insufficient validation in submit() in chain contract.,$3 M,https://github.com/SunWeb3Sec/DeFiHackLabs#20220508-fortress-loans---malicious-proposal--price-oracle-manipulation,
"DAO, Flashloans",20220428,DEUS DAO,Incorrect price calculation via balanceOf,$13 M,https://github.com/SunWeb3Sec/DeFiHackLabs#20220428-deus-dao---flashloan--price-oracle-manipulation,
"Dex/AMM, Flashloans, lending",20220928,BXH,Incorrect reward calculation,"$40,305",https://github.com/SunWeb3Sec/DeFiHackLabs#20220928-bxh---flashloan--price-oracle-manipulation,
"Flashloans, Miscalculation, Yield",20210519,PancakeBunny,Incorrect profit calculation via balanceOf,,https://github.com/SunWeb3Sec/DeFiHackLabs#20210519-pancakebunny---price-oracle-manipulation,fixed
"ERC20, Flashloans",20220606,Discover,Incorrect price calculation via balanceOf,$49 BNB,https://github.com/SunWeb3Sec/DeFiHackLabs#20220606-discover---flashloan--price-oracle-manipulation,
"DAO, Insufficient validation",20221021,OlympusDAO,Insufficient validation,$292 K,https://github.com/SunWeb3Sec/DeFiHackLabs/blob/main/README.md#20221021-bond-protocol---no-input-validation,
"ERC20, Miscalculation",20220910,DPC,Incorrect reward calculation,$1.4 M,https://github.com/SunWeb3Sec/DeFiHackLabs#20220910-dpc---Incorrect-Reward-calculation,
"Access Control, wallet",20171106,Parity,Incorrect access control,514k ETH,https://github.com/SunWeb3Sec/DeFiHackLabs#20171106-parity---accidentally-killed-it,
"Insufficient validation, NFTMarketplace, Signature",20220701,Quixotic,fillSellOrder function only check seller signature.,$100K,https://github.com/SunWeb3Sec/DeFiHackLabs#20220701-quixotic---optimism-nft-marketplace,
"DoS, ERC721",20220423,Akutar NFT,Incorrect validation and External calls can fail deliberately.,$34 M,https://github.com/SunWeb3Sec/DeFiHackLabs#20220423-akutar-nft---denial-of-service,
"ERC721, Reentrancy",20221001,Thunder Brawl,Reentrancy in claimReward(),,https://github.com/SunWeb3Sec/DeFiHackLabs#20221001-thunder-brawl---reentrancy,unfixed
"Dex/AMM, Flashloans",20220807,EGD Finance,Incorrect price calculation via balanceOf,"$36,044",https://github.com/SunWeb3Sec/DeFiHackLabs#20220807-egd-finance---flashloans--price-manipulation,
"Flashloans, Payable, Reentrancy, lending",20220430,Rari Capital,Not follow check-effect-interaction pattern,$80 M,https://github.com/SunWeb3Sec/DeFiHackLabs#20220430-rari-capitalfei-protocol---flashloan-attack--reentrancy,
"Flashloans, Reward, Stablecoin",20220810,XSTABLE Protocol,"Incorrect Logic Check, get rewards over skim()",,https://github.com/SunWeb3Sec/DeFiHackLabs#20220810-xstable-protocol---incorrect-logic-check,
"ERC20, Flashloans",20220906,NXUSD,"Incorrect price calculation ","$50,000",https://github.com/SunWeb3Sec/DeFiHackLabs#20220906-NXUSD---flashloan-price-oracle-manipulation,fixed
"Dex/AMM, Economic",20221011,Mango,Economic issue,$47 M,,
"DAO, Insufficient validation",20220303,TreasureDAO,Insufficient validation,$470 k,https://github.com/SunWeb3Sec/DeFiHackLabs#20220303-treasuredao---zero-fee,
"Bridge, CrossChain, Incorrect logic",20210702,Chainswap,Insufficient validation,$0.8 M,https://github.com/SunWeb3Sec/DeFiHackLabs#20210702-chainswap---bridge-logic-flaw,fixed
"Dex/AMM, Insufficient validation",20221002,Transit Swap,Incorrect owner address validation,$21 M,https://github.com/SunWeb3Sec/DeFiHackLabs#20221002-transit-swap---incorrect-owner-address-validation,
"Deflationary token, Insufficient validation, Yield",20210912,ZABU Finance,Incorrect calculation & Deflationary token uncompatible,$3.2 M,https://github.com/SunWeb3Sec/DeFiHackLabs#20210912-zabu-finance---deflationary-token-uncompatible,
"ERC20, Flashloans, Reward",20220908,NewFreeDAO,Incorrect reward calculation,$125M,https://github.com/SunWeb3Sec/DeFiHackLabs#20220908-newfreedao---flashloans-attack,
"Bridge, CrossChain, Insufficient validation, lending",20220128,Qubit Finance,Insufficient validation,$80 M,https://github.com/SunWeb3Sec/DeFiHackLabs#20220128-qubit-finance---bridge-address0safetransferfrom-does-not-revert,fixed
"Flashloans, Insufficient validation",20220905,ZoomproFinance,No verification of token authenticity,"$61,160 USDT",https://github.com/SunWeb3Sec/DeFiHackLabs#20220905-zoomprofinance---flashloans--price-manipulation,unfixed?
"Access Control, Dex/AMM",20200618,Bancor Protocol,Incorrect access control,"$545,000",https://github.com/SunWeb3Sec/DeFiHackLabs#20200618-bancor-protocol---access-control,fixed
"Bridge, Insufficient validation, uninitialized",20220802,Nomad Bridge,Incorrect acceptable merkle-root checks,$152M,https://github.com/SunWeb3Sec/DeFiHackLabs#20220802-nomad-bridge---business-logic-flaw--incorrect-acceptable-merkle-root-checks,fixed
"ERC721, Flashloans, Reentrancy",20220710,Omni NFT,Reentrancy - safeTransferFrom in burn function,$1.4M,https://github.com/SunWeb3Sec/DeFiHackLabs#20220710-omni-nft---reentrancy,
"ERC20, Flashloans",20221006,RES token,Incorrect reward calculation,$290K,https://github.com/SunWeb3Sec/DeFiHackLabs#20221006-RES-Token---pair-manipulate,
"DAO, Flashloans, skim",20220524,HackDao,Incorrect logic in _transfer  function of token contract,,https://github.com/SunWeb3Sec/DeFiHackLabs#20220524-hackdao---skim-token-balance,
"Flashloans, Reentrancy, Stablecoin",20210817,XSURGE,Reentrancy,$5 M,https://github.com/SunWeb3Sec/DeFiHackLabs#20210817-xsurge---flashloan-attack--reentrancy,
"Dex/AMM, Insufficient validation",20210916,SushiSwap,Insufficient validation,,https://github.com/SunWeb3Sec/DeFiHackLabs#20210916-sushiswap-miso,
"ERC777, Reentrancy, lending",20210830,Cream Finance,Reentrancy via ERC777 hook,$18 M,https://github.com/SunWeb3Sec/DeFiHackLabs#20210830-cream-finance---flashloan-attack--reentrancy,
"Aggregation, Bridge, CrossChain",20220320,Li.Fi,Arbitrary call via swap,$570 K,https://github.com/SunWeb3Sec/DeFiHackLabs#20220320-lifi---bridges,
"Flashloans, Insufficient validation, Yield",20221014,EFLeverVault,Insufficient validation,750 ETH,https://github.com/SunWeb3Sec/DeFiHackLabs#20221014-eflevervault---verify-flashloan-callback,
"Bridge, Signature",20220608,Wintermute,Signature replay,$3M OP,https://github.com/SunWeb3Sec/DeFiHackLabs#20220608-optimism---wintermute---signature-replay,fixed
"Access Control, payment",20220902,ShadowFi,Incorrect access control,"1,078 BNB",https://github.com/SunWeb3Sec/DeFiHackLabs#20220902-shadowfi---access-control,
"Governance, MaliciosProposal",20221009,Xave Finance,DaoModule misconfiguration,,https://github.com/SunWeb3Sec/DeFiHackLabs#20221009-xave-finance---malicious-proposal-mint--transfer-ownership,
"DAO, Flashloans, MaliciosProposal, Stablecoin",20220416,BeanstalkFarms,Insufficient validation,$182 M,https://github.com/SunWeb3Sec/DeFiHackLabs#20220416-beanstalkfarms---dao--flashloan,fixed
"Dex/AMM, Flashloans, Reward, lending",20220421,Zeed Finance,Incorrect reward calculation,$1 M,https://github.com/SunWeb3Sec/DeFiHackLabs#20220421-zeed-finance---reward-distribution-flaw,
"Arbitrary call, swap",20221011,Rabby wallet,Arbitrary call via functionCallWithValue,"$200,000",https://github.com/SunWeb3Sec/DeFiHackLabs#20221011-rabby-wallet-swaprouter---arbitrary-external-call-vulnerability,
"Access Control, lending",20220415,Rikkei Finance,Incorrect access control,$1.1 M,https://github.com/SunWeb3Sec/DeFiHackLabs#20220415-rikkei-finance---access-control--price-oracle-manipulation,
"Access Control, MEV",20220913,MevBot private tx,Incorrect access control,$140 K,https://github.com/SunWeb3Sec/DeFiHackLabs#20220913-mevbot-private-tx,
"Insufficient validation, Reentrancy, Yield",20211218,Grim Finance,Insufficient validation & Reentrancy//vulnerable point,$30 M,https://github.com/SunWeb3Sec/DeFiHackLabs#20211218-grim-finance---flashloan--reentrancy,
"ERC20, Governance, uninitialized",20220723,Audius,Storage Collision & Malicious Proposal,$6M,https://github.com/SunWeb3Sec/DeFiHackLabs#20220723-audius---storage-collision--malicious-proposal,fixed
ERC20,20221012,ATK,Incorrect price calculation via balanceOf,$127 k,https://github.com/SunWeb3Sec/DeFiHackLabs#20221012-atk---flashloan-manipulate-price,
"Insufficient validation, Yield",20201121,Pickle Finance,Insufficient validation,$20 M,https://github.com/SunWeb3Sec/DeFiHackLabs#20201121-pickle-finance,
"Miscalculation, Synthetic",20220309,Fantasm Finance,Incorrect calculation due to wrong decimal,$2.6 M,https://github.com/SunWeb3Sec/DeFiHackLabs#20220309-fantasm-finance---business-logic-in-mint,
"Bridge, CrossChain, Insufficient validation",20220206,Meter,Insufficient validation,$4.3 M,https://github.com/SunWeb3Sec/DeFiHackLabs#20220206-meter---bridge,
"Deflationary token, Miscalculation, Stablecoin",20210628,SafeDollar,Incorrect calculation & Deflationary token uncompatible,$0.2 M,https://github.com/SunWeb3Sec/DeFiHackLabs#20210628-safedollar---deflationary-token-uncompatible,
"Bridge, CrossChain, Incorrect logic",20210710,Chainswap,Incorrect logic,$8 M,https://github.com/SunWeb3Sec/DeFiHackLabs#20210710-chainswap---bridge-logic-flaw,fixed
"ERC20, Under/Overflow",20180422,Beauty Chain,Arithmetic Overflow,$900 M,https://github.com/SunWeb3Sec/DeFiHackLabs#20180422-beauty-chain---integer-overflow,
"Access Control, Yield",20221011,Templedao,Incorrect access control,$2.3 M,https://github.com/SunWeb3Sec/DeFiHackLabs#20221011-templedao---insufficient-access-control,
"ERC20, Miscalculation",20221020,HEALTH,Incorrect calculation,16 BNB,https://github.com/SunWeb3Sec/DeFiHackLabs#20221020-health---transfer-logic-flaw,
"Access Control, Metaverse",20220208,Sandbox LAND,Incorrect access control,,https://github.com/SunWeb3Sec/DeFiHackLabs#20220208-sandbox-land---access-control,
"ERC777, Insufficient validation",20220618,SNOOD,Miscalculation on _spendAllowance,104 ETH,https://github.com/SunWeb3Sec/DeFiHackLabs#20220618-snood---miscalculation-on-_spendallowance,
"Access Control, ERC20",20221017,Uerii,Incorrect access control,$2.4 K,https://github.com/SunWeb3Sec/DeFiHackLabs#20221017-uerii-token---access-control,
"ERC20, Flashloans, Insufficient validation",20220725,LPC,Incorrect recipient balance check,$45K,https://github.com/SunWeb3Sec/DeFiHackLabs#20220725-lpc---business-logic-flaw--incorrect-recipient-balance-check-did-not-check-senderrecipient-in-transfer,unfixed
"Deflationary token, Flashloans",20220424,Wiener DOGE,LPs should be excluded from fees and token burns.,78 BNB,https://github.com/SunWeb3Sec/DeFiHackLabs#20220424-wiener-doge---flashloan,
Miscalculation,20201229,Cover Protocol,Incorrect calculation via cached data.,,https://github.com/SunWeb3Sec/DeFiHackLabs#20201229-cover-protocol,
"Dex/AMM, Insufficient validation, Reentrancy",20211221,Visor Finance,Insufficient validation & Reentrancy,$8.2 M,https://github.com/SunWeb3Sec/DeFiHackLabs#20211221-visor-finance---reentrancy,
"Access Control, ERC4626",20220801,Reaper Farm,Incorrect access control,$1.7M,https://github.com/SunWeb3Sec/DeFiHackLabs#20220801-reaper-farm---business-logic-flaw--lack-of-access-control-mechanism,fixed
"Miscalculation, Yield",20210603,PancakeHunny,Incorrect profit calculation via balanceOf,,https://github.com/SunWeb3Sec/DeFiHackLabs#20210603-pancakehunny---incorrect-calculation,fixed
"Deflationary token, Flashloans",20220529,NOVO Protocol,No sender address validation.,279 BNB,https://github.com/SunWeb3Sec/DeFiHackLabs#20220529-novo-protocol---flashloan--price-oracle-manipulation,
"DAO, MaliciosProposal",20220214,BuildFinance,Malicious proposal,,https://github.com/SunWeb3Sec/DeFiHackLabs#20220214-buildfinance---dao,
"ERC20, Flashloans, claimTokens",20220517,ApeCoin,Incorrect airdrop calculation,$1.1 million,https://github.com/SunWeb3Sec/DeFiHackLabs#20220517-apecoin-ape---flashloan,
Dex/AMM,20211130,MonoX Finance,Insufficient validation,$31 M,https://github.com/SunWeb3Sec/DeFiHackLabs#20211130-monox-finance---price-manipulation,
"Dex/AMM, ERC20, Miscalculation",20210428,Uranium,Incorrect calculation - 10000 vs 1000,$50 M,https://github.com/SunWeb3Sec/DeFiHackLabs#20210428-uranium---miscalculation,
"Insufficient validation, Metaverse",20221020,BEGO,Insufficient validation,12BNB,https://github.com/SunWeb3Sec/DeFiHackLabs#20221020-bego---incorrect-signature-verification,
"Bridge, KeyCompromised",20220627,Harmony's Horizon,Private key compromised,$100M,https://github.com/SunWeb3Sec/DeFiHackLabs#20220624-harmonys-horizon-bridge---private-key-compromised,
"Dex/AMM, Flashloans",20210804,WaultFinace,Incorrect logic,390 ETH,https://github.com/SunWeb3Sec/DeFiHackLabs#20210804-waultfinace---flashloan-price-manipulation,